{
  "lower_and_legalize_s": 0.009749353979714215,
  "normalize_target_s": 0.00012829096522182226,
  "optimize_for_target_s": 0.02881063090171665,
  "pre_lower_semantic_check_s": 0.00047233200166374445,
  "prepare_input_module_s": 0.00014392402954399586,
  "split_device_mod_s": 2.4946988560259342e-05,
  "split_host_mod_s": 6.468698848038912e-05
}